participant_id,jarak_cm,lux,label_aktual,euclidean_dist,ear,mar,keputusan_S1,keputusan_S2,keputusan_S3
P01,30,300,Bona_Fide,0.25,0.17,0.42,1,1,1
P02,45,150,Print_Attack,0.32,0.29,0.08,1,0,0
P03,60,550,Screen_Attack,0.38,0.28,0.12,1,0,0
P04,30,300,Bona_Fide_Unknown,1.25,0.16,0.4,0,0,0
S01,30,320,BONA_FIDE,0.08,0.18,0.4,1,1,1
S01,30,320,ATTACK,0.08,0.18,0.12,1,0,0
S01,30,300,ATTACK,0.08,0.28,0.12,1,0,0
S01,30,350,BONA_FIDE,0.85,0.18,0.4,1,1,0
emb_TEST-QALWANI-001,38,562,BONA_FIDE,0.08,0.18,0.4,1,1,1
S01,30,320,BONA_FIDE,0.08,0.18,0.4,1,1,1
S01,30,320,ATTACK,0.08,0.18,0.12,1,0,0
S01,30,300,ATTACK,0.08,0.28,0.12,1,0,0
S01,30,350,BONA_FIDE,0.85,0.18,0.4,1,1,0
emb_TEST-QALWANI-001,40,471,BONA_FIDE,0.08,0.154,0.485,1,1,1
S01,30,320,BONA_FIDE,0.08,0.18,0.4,1,1,1
S01,30,320,ATTACK,0.08,0.18,0.12,1,0,0
S01,30,300,ATTACK,0.08,0.28,0.12,1,0,0
S01,30,350,BONA_FIDE,0.85,0.18,0.4,1,1,0
S01,30,320,BONA_FIDE,0.08,0.18,0.4,1,1,1
S01,30,320,ATTACK,0.08,0.18,0.12,1,0,0
S01,30,300,ATTACK,0.08,0.28,0.12,1,0,0
S01,30,350,BONA_FIDE,0.85,0.18,0.4,1,1,0
S01,30,320,BONA_FIDE,0.08,0.18,0.4,1,1,1
S01,30,320,ATTACK,0.08,0.18,0.12,1,0,0
S01,30,300,ATTACK,0.08,0.28,0.12,1,0,0
S01,30,350,BONA_FIDE,0.85,0.18,0.4,1,1,0
emb_TEST-QALWANI-001,37,543,BONA_FIDE,0.08,0.14,0.4,1,1,1
emb_TEST-QALWANI-001,36,460,BONA_FIDE,0.08,0.134,0.522,1,1,1
S01,30,320,BONA_FIDE,0.08,0.18,0.4,1,1,1
S01,30,320,ATTACK,0.08,0.18,0.12,1,0,0
S01,30,300,ATTACK,0.08,0.28,0.12,1,0,0
S01,30,350,BONA_FIDE,0.85,0.18,0.4,1,1,0
emb_TEST-QALWANI-001,30,592,BONA_FIDE,0.08,0.159,0.531,1,1,1
emb_TEST-QALWANI-001,30,300,BONA_FIDE,0.08,0.177,0.05,1,0,0
emb_TEST-QALWANI-001,30,300,BONA_FIDE,0.08,0.219,0.05,1,0,0
emb_TEST-QALWANI-001,30,300,BONA_FIDE,0.08,0.278,0.05,1,0,0
emb_TEST-QALWANI-001,30,300,BONA_FIDE,0.08,0.175,0.403,1,1,1
emb_TEST-QALWANI-001,30,300,BONA_FIDE,0.08,0.218,0.05,1,0,0
emb_TEST-QALWANI-001,30,300,BONA_FIDE,0.08,0.188,0.227,1,0,0
S01,30,320,BONA_FIDE,0.08,0.18,0.4,1,1,1
S01,30,320,ATTACK,0.08,0.18,0.12,1,0,0
S01,30,300,ATTACK,0.08,0.28,0.12,1,0,0
S01,30,350,BONA_FIDE,0.85,0.18,0.4,1,1,0
S01,30,320,BONA_FIDE,0.08,0.18,0.4,1,1,1
S01,30,320,ATTACK,0.08,0.18,0.12,1,0,0
S01,30,300,ATTACK,0.08,0.28,0.12,1,0,0
S01,30,350,BONA_FIDE,0.85,0.18,0.4,1,1,0
S01,30,320,BONA_FIDE,0.08,0.18,0.4,1,1,1
S01,30,320,ATTACK,0.08,0.18,0.12,1,0,0
S01,30,300,ATTACK,0.08,0.28,0.12,1,0,0
S01,30,350,BONA_FIDE,0.85,0.18,0.4,1,1,0
S01,30,320,BONA_FIDE,0.15,0.28,0.12,1,1,1
S01,30,320,ATTACK,0.15,0.28,0.12,1,0,0
S01,30,320,ATTACK,0.15,0.28,0.12,1,0,0
S01,30,320,BONA_FIDE,0.08,0.18,0.4,1,1,1
S01,30,320,ATTACK,0.08,0.18,0.12,1,0,0
S01,30,300,ATTACK,0.08,0.28,0.12,1,0,0
S01,30,350,BONA_FIDE,0.85,0.18,0.4,1,1,0
S01,30,320,BONA_FIDE,0.15,0.28,0.12,1,1,1
S01,30,320,ATTACK,0.15,0.28,0.12,1,0,0
S01,30,320,ATTACK,0.15,0.28,0.12,1,0,0
emb_TEST-QALWANI-001,30,300,BONA_FIDE,0.08,0.219,0.391,1,1,1
emb_TEST-QALWANI-001,30,300,BONA_FIDE,0.08,0.193,0.351,1,1,1
emb_TEST-QALWANI-001,30,300,BONA_FIDE,0.08,0.203,0.368,1,0,0
emb_TEST-QALWANI-001,30,300,BONA_FIDE,0.08,0.282,0.05,1,0,0
emb_TEST-QALWANI-001,30,300,BONA_FIDE,0.08,0.29,0.05,1,0,0
emb_TEST-QALWANI-001,30,300,BONA_FIDE,0.08,0.133,0.05,1,0,0
emb_TEST-QALWANI-001,30,300,BONA_FIDE,0.08,0.283,0.05,1,0,0
emb_TEST-QALWANI-001,30,300,BONA_FIDE,0.08,0.285,0.05,1,0,0
emb_TEST-QALWANI-001,30,300,BONA_FIDE,0.08,0.288,0.05,1,0,0
emb_TEST-QALWANI-001,30,300,BONA_FIDE,0.08,0.247,0.05,1,0,0
emb_TEST-QALWANI-001,30,300,BONA_FIDE,0.08,0.224,0.05,1,0,0
emb_TEST-QALWANI-001,30,300,BONA_FIDE,0.08,0.276,0.05,1,0,0
S01,30,320,BONA_FIDE,0.08,0.18,0.4,1,1,1
S01,30,320,ATTACK,0.08,0.18,0.12,1,0,0
S01,30,300,ATTACK,0.08,0.28,0.12,1,0,0
S01,30,350,BONA_FIDE,0.85,0.18,0.4,1,1,0
S01,30,320,BONA_FIDE,0.15,0.28,0.12,1,1,1
S01,30,320,ATTACK,0.15,0.28,0.12,1,0,0
S01,30,320,ATTACK,0.15,0.28,0.12,1,0,0
emb_TEST-QALWANI-001,15,771,BONA_FIDE,0.08,0.176,0.05,1,1,1
emb_TEST-QALWANI-001,14,801,BONA_FIDE,0.08,0.176,0.05,1,0,0
emb_TEST-QALWANI-001,15,866,BONA_FIDE,0.08,0.169,0.05,1,1,1
S01,30,320,BONA_FIDE,0.08,0.18,0.4,1,1,1
S01,30,320,ATTACK,0.08,0.18,0.12,1,0,0
S01,30,300,ATTACK,0.08,0.28,0.12,1,0,0
S01,30,350,BONA_FIDE,0.85,0.18,0.4,1,1,0
S01,30,320,BONA_FIDE,0.15,0.28,0.12,1,1,1
S01,30,320,ATTACK,0.15,0.28,0.12,1,0,0
S01,30,320,ATTACK,0.15,0.28,0.12,1,0,0
S01,30,320,BONA_FIDE,0.08,0.18,0.4,1,1,1
S01,30,320,ATTACK,0.08,0.18,0.12,1,0,0
S01,30,300,ATTACK,0.08,0.28,0.12,1,0,0
S01,30,350,BONA_FIDE,0.85,0.18,0.4,1,1,0
S01,30,320,BONA_FIDE,0.15,0.28,0.12,1,1,1
S01,30,320,ATTACK,0.15,0.28,0.12,1,0,0
S01,30,320,ATTACK,0.15,0.28,0.12,1,0,0
emb_TEST-QALWANI-001,30,300,BONA_FIDE,0.08,0.157,0.519,1,1,1
emb_TEST-QALWANI-001,30,300,BONA_FIDE,0.08,0.275,0.05,1,0,0
emb_TEST-QALWANI-001,30,300,BONA_FIDE,0.08,0.202,0.05,1,1,1
emb_TEST-QALWANI-001,30,300,BONA_FIDE,0.08,0.276,0.05,1,0,0
emb_TEST-QALWANI-001,30,300,BONA_FIDE,0.08,0.281,0.302,1,0,0
emb_TEST-QALWANI-001,30,300,BONA_FIDE,0.08,0.28,0.05,1,0,0
emb_TEST-QALWANI-001,30,300,BONA_FIDE,0.08,0.174,0.156,1,0,0
emb_TEST-QALWANI-001,30,300,BONA_FIDE,0.08,0.167,0.05,1,0,0
emb_TEST-QALWANI-001,30,300,BONA_FIDE,0.08,0.147,0.207,1,0,0
emb_TEST-QALWANI-001,30,300,BONA_FIDE,0.08,0.132,0.05,1,1,1
emb_TEST-QALWANI-001,30,300,BONA_FIDE,0.08,0.159,0.273,1,1,1
emb_TEST-QALWANI-001,30,300,BONA_FIDE,0.08,0.136,0.05,1,1,1
emb_TEST-QALWANI-001,30,300,BONA_FIDE,0.08,0.163,0.159,1,1,1
emb_TEST-QALWANI-001,30,300,BONA_FIDE,0.08,0.282,0.05,1,0,0
emb_TEST-QALWANI-001,30,300,BONA_FIDE,0.08,0.189,0.05,1,0,0
emb_TEST-QALWANI-001,30,300,BONA_FIDE,0.08,0.222,0.062,1,0,0
emb_TEST-QALWANI-001,30,300,BONA_FIDE,0.08,0.161,0.273,1,0,0
S02,30,300,BONA_FIDE,1.296,0.078,0.233,0,0,0
S02,30,300,BONA_FIDE,1.297,0.069,0.237,0,0,0
S02,30,300,BONA_FIDE,1.335,0.054,0.338,0,0,0
