subject_id,name,department,match_keywords
S01,Nur Holis,Guru,"holis,qalwani"
S02,Viky Widiyanti,Guru,"viky,fiki"
S03,Mauludin,Staf,"mauludin"
S04,Ahmad Fauzi,Guru,"fauzi,ahmad"
S05,Merli Yanti,Guru,"merli"
S06,Karmila Milla,Staf,"karmila"
S07,Reynaldi Surya,Guru,"reynaldi"
S08,Taufik Hidayat,Guru,"taufik"
S09,Wery Saputra,Guru,"wery"
S10,Hendra Wijaya,Guru,"hendra"
S11,Susi Lisnasari,Guru,"susi"
S12,Ponco Prastio,Guru,"ponco"
S13,Yulisma Shinta,Guru,"yulisma,sinta,shinta"
S14,Arie Lazido,Guru,"arie lazido,arielazido"
S15,Bambang Susanto,Guru,"bambang"
S16,Sri Wahyuni,Guru,"sri,wahyuni"
S17,Dedi Irawan,Guru,"dedi"
S18,Eka Prasetya,Guru,"eka,prasetya"
