ID Subjek,Nama,Jabatan,Total Frame,Wajah Ditemukan,Jumlah Kedipan,Frame Mulut Terbuka,Status Liveness
S05,Merliyanti,Guru,291,291,9,149,BONA-FIDE
S01,NurHolis,Guru,249,195,7,127,BONA-FIDE
S06,Karmila,Staf,235,235,2,0,BONA-FIDE
S01,NurHolis,Guru,215,215,21,97,BONA-FIDE
S09,WerySaputra,Guru,218,156,3,63,BONA-FIDE
S11,SusiLisnasari,Guru,348,348,9,61,BONA-FIDE
S08,TaufikHidayat,Guru,380,330,5,0,BONA-FIDE
S12,PoncoPrasetio,Guru,313,302,7,1,BONA-FIDE
S01,NurHolis,Guru,186,186,5,61,BONA-FIDE
S03,Mauludin,Staf,407,407,4,163,BONA-FIDE
S07,ReynaldiSurya,Guru,613,613,5,245,BONA-FIDE
S13,SintaYulisma,Guru,879,783,5,6,BONA-FIDE
S09,WerySaputra,Guru,283,247,3,184,BONA-FIDE
S02,FikiWidiyanti,Guru,246,246,7,14,BONA-FIDE
