File_Uji,Claimed_ID,Sample_Type,PAI_Species,Lux,Jarak_cm,Session,PAD_Pred,ID_Pred,Jarak,Kedipan,Mulut,Wajah_%,Durasi_s,Final,Error
S01_Guru_NurHolis_v2.mp4,S01,BONA_FIDE,NONE,60,50,PILOT,BONA_FIDE,MATCH,0.308,1,3,99.5,8.02,ACCEPT,
S09_Guru_WerySaputra_v2.mp4,S09,BONA_FIDE,NONE,60,50,PILOT,ATTACK,MATCH,0.955,0,5,81.7,8.01,REJECT,
SpoofScreen_NurHolis.mp4,S01,ATTACK,SCREEN,60,50,PILOT,ATTACK,NON_MATCH,1.341,0,0,83.8,8.03,REJECT,
LIVE_S01_20260902_022321.webm,S01,BONA_FIDE,NONE,300,30,TEST,BONA_FIDE,MATCH,0.080,6,2,100.0,8.00,ACCEPT,
LIVE_S01_20260902_025159.webm,S01,BONA_FIDE,NONE,310,30,TEST,BONA_FIDE,MATCH,0.080,8,1,100.0,8.00,ACCEPT,
LIVE_S01_20260902_025249.webm,S01,BONA_FIDE,NONE,300,30,TEST,BONA_FIDE,MATCH,0.080,15,9,100.0,8.00,ACCEPT,
LIVE_S01_20260902_030252.webm,S01,BONA_FIDE,NONE,300,30,TEST,BONA_FIDE,MATCH,0.080,2,1,95.0,8.00,ACCEPT,
LIVE_S01_20260902_030819.webm,S01,BONA_FIDE,NONE,300,30,TEST,BONA_FIDE,MATCH,0.080,12,6,100.0,8.00,ACCEPT,
LIVE_S01_20260902_030834.webm,S01,BONA_FIDE,NONE,300,30,TEST,BONA_FIDE,MATCH,0.080,3,1,100.0,8.00,ACCEPT,
LIVE_S01_20260902_030852.webm,S01,BONA_FIDE,NONE,300,30,TEST,BONA_FIDE,MATCH,0.080,1,0,100.0,8.00,ACCEPT,
LIVE_S01_20260902_032354.webm,S01,ATTACK,CUT_OUT,300,30,TEST,ATTACK,MATCH,0.080,1,0,95.0,8.00,REJECT,Gagal Liveness: Gerakan Mulut 0x (Terindikasi Cut-Out/Lubang Foto)
LIVE_S01_20260902_032354.webm,S01,ATTACK,PHOTO,300,30,TEST,ATTACK,MATCH,0.080,0,1,95.0,8.00,REJECT,Gagal Liveness: Kedipan Mata 0x
LIVE_S01_20260902_032354.webm,S01,ATTACK,PHOTO,300,30,TEST,ATTACK,MATCH,0.080,0,0,95.0,8.00,REJECT,Gagal Liveness: Tidak Terdeteksi Kedipan dan Gerakan Mulut (Foto Statis)
LIVE_S01_20260902_032354.webm,S01,BONA_FIDE,NONE,300,30,TEST,BONA_FIDE,MATCH,0.080,2,1,75.0,8.00,REJECT,Gagal: Posisi Wajah Kurang Stabil (<80%)
LIVE_S01_20260902_032354.webm,S01,BONA_FIDE,NONE,300,30,TEST,BONA_FIDE,MATCH,0.080,2,1,95.0,8.00,ACCEPT,
LIVE_S01_20260902_032548.webm,S01,BONA_FIDE,NONE,300,30,TEST,BONA_FIDE,MATCH,0.080,15,5,100.0,8.00,ACCEPT,
LIVE_S01_20260902_032605.webm,S01,BONA_FIDE,NONE,300,30,TEST,ATTACK,MATCH,0.080,1,0,100.0,8.00,REJECT,Gagal Liveness: Gerakan Mulut 0x (Terindikasi Cut-Out/Lubang Foto)
LIVE_S01_20260902_103058.webm,S01,BONA_FIDE,NONE,200,30,TEST,ATTACK,MATCH,0.080,0,2,100.0,8.00,REJECT,Gagal Liveness: Kedipan Mata 0x
LIVE_S01_20260902_103119.webm,S01,BONA_FIDE,NONE,200,30,TEST,ATTACK,MATCH,0.080,0,1,100.0,8.00,REJECT,Gagal Liveness: Kedipan Mata 0x
LIVE_S01_20260902_103212.webm,S01,BONA_FIDE,NONE,200,30,TEST,ATTACK,MATCH,0.080,0,1,100.0,8.00,REJECT,Gagal Liveness: Kedipan Mata 0x
LIVE_S07_20260902_103242.webm,S07,BONA_FIDE,NONE,200,30,TEST,ATTACK,MATCH,0.080,11,0,100.0,8.00,REJECT,Gagal Liveness: Gerakan Mulut 0x (Terindikasi Cut-Out/Lubang Foto)
LIVE_S07_20260902_103306.webm,S07,BONA_FIDE,NONE,200,30,TEST,BONA_FIDE,MATCH,0.080,3,3,100.0,8.00,ACCEPT,
LIVE_S05_20260902_104037.webm,S05,BONA_FIDE,NONE,200,30,TEST,BONA_FIDE,MATCH,0.080,2,1,100.0,8.00,ACCEPT,
LIVE_S02_20260902_104154.webm,S02,BONA_FIDE,NONE,200,30,TEST,BONA_FIDE,MATCH,0.080,3,1,100.0,8.00,ACCEPT,
LIVE_S09_20260902_104340.webm,S09,BONA_FIDE,NONE,200,30,TEST,BONA_FIDE,MATCH,0.080,1,1,100.0,8.00,ACCEPT,
LIVE_S06_20260902_105224.webm,S06,BONA_FIDE,NONE,200,30,TEST,ATTACK,MATCH,0.080,3,0,100.0,8.00,REJECT,Gagal Liveness: Gerakan Mulut 0x (Terindikasi Cut-Out/Lubang Foto)
LIVE_S06_20260902_105255.webm,S06,BONA_FIDE,NONE,200,30,TEST,BONA_FIDE,MATCH,0.080,2,1,100.0,8.00,ACCEPT,
LIVE_S08_20260902_111217.webm,S08,BONA_FIDE,NONE,200,30,TEST,ATTACK,MATCH,0.080,1,0,100.0,8.00,REJECT,Gagal Liveness: Gerakan Mulut 0x (Terindikasi Cut-Out/Lubang Foto)
LIVE_S08_20260902_111234.webm,S08,BONA_FIDE,NONE,200,30,TEST,ATTACK,MATCH,0.080,0,0,100.0,8.00,REJECT,Gagal Liveness: Tidak Terdeteksi Kedipan dan Gerakan Mulut (Foto Statis)
LIVE_S08_20260902_111247.webm,S08,BONA_FIDE,NONE,200,30,TEST,BONA_FIDE,MATCH,0.080,7,1,100.0,8.00,ACCEPT,
LIVE_S08_20260902_111310.webm,S08,BONA_FIDE,NONE,200,30,TEST,BONA_FIDE,MATCH,0.080,5,2,100.0,8.00,ACCEPT,
LIVE_S12_20260902_111424.webm,S12,BONA_FIDE,NONE,200,30,TEST,BONA_FIDE,MATCH,0.080,2,1,100.0,8.00,ACCEPT,
LIVE_S01_20260905_114211.webm,S01,BONA_FIDE,NONE,300,30,TEST,ATTACK,MATCH,0.080,0,0,100.0,8.00,REJECT,Gagal Liveness: Tidak Terdeteksi Kedipan dan Gerakan Mulut (Foto Statis)
LIVE_emb_TEST-QALWANI-001_20260905_115316.webm,emb_TEST-QALWANI-001,BONA_FIDE,NONE,300,30,TEST,BONA_FIDE,MATCH,0.080,4,5,100.0,8.00,ACCEPT,
LIVE_emb_TEST-QALWANI-001_20260905_115346.webm,emb_TEST-QALWANI-001,BONA_FIDE,NONE,200,30,TEST,BONA_FIDE,MATCH,0.080,4,4,100.0,8.00,ACCEPT,
LIVE_S01_20260905_143733.webm,S01,BONA_FIDE,NONE,300,30,TEST,BONA_FIDE,MATCH,0.080,6,6,100.0,8.00,ACCEPT,
LIVE_S01_20260905_154446.webm,S01,BONA_FIDE,NONE,300,30,TEST,BONA_FIDE,MATCH,0.080,10,5,100.0,8.00,ACCEPT,
LIVE_S01_20260905_155359.webm,S01,BONA_FIDE,NONE,300,30,TEST,BONA_FIDE,MATCH,0.080,2,1,100.0,8.00,ACCEPT,
LIVE_S01_20260905_231316.webm,S01,BONA_FIDE,NONE,320,30,TEST,BONA_FIDE,MATCH,0.080,2,1,95.0,8.00,ACCEPT,
LIVE_S01_20260905_231316.webm,S01,ATTACK,CUT_OUT,320,30,TEST,ATTACK,MATCH,0.080,1,0,90.0,8.00,REJECT,Gagal Liveness: Gerakan Mulut 0x (Terindikasi Cut-Out/Lubang Foto)
LIVE_S01_20260905_231316.webm,S01,ATTACK,PHOTO,300,30,TEST,ATTACK,MATCH,0.080,0,0,90.0,8.00,REJECT,Gagal Liveness: Tidak Terdeteksi Kedipan dan Gerakan Mulut (Foto Statis)
LIVE_S01_20260905_231317.webm,S01,BONA_FIDE,NONE,350,30,TEST,BONA_FIDE,NON_MATCH,0.850,2,2,92.0,8.00,REJECT,Gagal Identifikasi: Jarak Euclidean (0.85) Melebihi Batas
LIVE_S01_20260905_231332.webm,S01,BONA_FIDE,NONE,320,30,TEST,BONA_FIDE,MATCH,0.080,2,1,95.0,8.00,ACCEPT,
LIVE_S01_20260905_231332.webm,S01,ATTACK,CUT_OUT,320,30,TEST,ATTACK,MATCH,0.080,1,0,90.0,8.00,REJECT,Gagal Liveness: Gerakan Mulut 0x (Terindikasi Cut-Out/Lubang Foto)
LIVE_S01_20260905_231333.webm,S01,ATTACK,PHOTO,300,30,TEST,ATTACK,MATCH,0.080,0,0,90.0,8.00,REJECT,Gagal Liveness: Tidak Terdeteksi Kedipan dan Gerakan Mulut (Foto Statis)
LIVE_S01_20260905_231333.webm,S01,BONA_FIDE,NONE,350,30,TEST,BONA_FIDE,NON_MATCH,0.850,2,2,92.0,8.00,REJECT,Gagal Identifikasi: Jarak Euclidean (0.85) Melebihi Batas
LIVE_S01_20260905_231340.webm,S01,BONA_FIDE,NONE,320,30,TEST,BONA_FIDE,MATCH,0.080,2,1,95.0,8.00,ACCEPT,
LIVE_S01_20260905_231340.webm,S01,ATTACK,CUT_OUT,320,30,TEST,ATTACK,MATCH,0.080,1,0,90.0,8.00,REJECT,Gagal Liveness: Gerakan Mulut 0x (Terindikasi Cut-Out/Lubang Foto)
LIVE_S01_20260905_231340.webm,S01,ATTACK,PHOTO,300,30,TEST,ATTACK,MATCH,0.080,0,0,90.0,8.00,REJECT,Gagal Liveness: Tidak Terdeteksi Kedipan dan Gerakan Mulut (Foto Statis)
LIVE_S01_20260905_231340.webm,S01,BONA_FIDE,NONE,350,30,TEST,BONA_FIDE,NON_MATCH,0.850,2,2,92.0,8.00,REJECT,Gagal Identifikasi: Jarak Euclidean (0.85) Melebihi Batas
LIVE_S01_20260905_232328.webm,S01,BONA_FIDE,NONE,320,30,TEST,BONA_FIDE,MATCH,0.080,2,1,95.0,8.00,ACCEPT,
LIVE_S01_20260905_232328.webm,S01,ATTACK,CUT_OUT,320,30,TEST,ATTACK,MATCH,0.080,1,0,90.0,8.00,REJECT,Gagal Liveness: Gerakan Mulut 0x (Terindikasi Cut-Out/Lubang Foto)
LIVE_S01_20260905_232328.webm,S01,ATTACK,PHOTO,300,30,TEST,ATTACK,MATCH,0.080,0,0,90.0,8.00,REJECT,Gagal Liveness: Tidak Terdeteksi Kedipan dan Gerakan Mulut (Foto Statis)
LIVE_S01_20260905_232328.webm,S01,BONA_FIDE,NONE,350,30,TEST,BONA_FIDE,NON_MATCH,0.850,2,2,92.0,8.00,REJECT,Gagal Identifikasi: Jarak Euclidean (0.85) Melebihi Batas
LIVE_S01_20260906_000440.webm,S01,BONA_FIDE,NONE,300,30,TEST,ATTACK,MATCH,0.080,1,0,100.0,8.00,REJECT,Gagal Liveness: Gerakan Mulut 0x (Terindikasi Cut-Out/Lubang Foto)
LIVE_S01_20260906_001149.webm,S01,BONA_FIDE,NONE,320,30,TEST,BONA_FIDE,MATCH,0.080,2,1,95.0,8.00,ACCEPT,
LIVE_S01_20260906_001149.webm,S01,ATTACK,CUT_OUT,320,30,TEST,ATTACK,MATCH,0.080,1,0,90.0,8.00,REJECT,Gagal Liveness: Gerakan Mulut 0x (Terindikasi Cut-Out/Lubang Foto)
LIVE_S01_20260906_001149.webm,S01,ATTACK,PHOTO,300,30,TEST,ATTACK,MATCH,0.080,0,0,90.0,8.00,REJECT,Gagal Liveness: Tidak Terdeteksi Kedipan dan Gerakan Mulut (Foto Statis)
LIVE_S01_20260906_001149.webm,S01,BONA_FIDE,NONE,350,30,TEST,BONA_FIDE,NON_MATCH,0.850,2,2,92.0,8.00,REJECT,Gagal Identifikasi: Jarak Euclidean (0.85) Melebihi Batas
LIVE_emb_TEST-QALWANI-001_20260907_125225.webm,emb_TEST-QALWANI-001,BONA_FIDE,NONE,300,30,TEST,ATTACK,MATCH,0.080,0,0,100.0,8.00,REJECT,Gagal Liveness: Tidak Terdeteksi Kedipan dan Gerakan Mulut (Foto Statis)
LIVE_S01_20260907_140445.webm,S01,BONA_FIDE,NONE,320,30,TEST,BONA_FIDE,MATCH,0.080,2,1,95.0,8.00,ACCEPT,
LIVE_S01_20260907_140445.webm,S01,ATTACK,CUT_OUT,320,30,TEST,ATTACK,MATCH,0.080,1,0,90.0,8.00,REJECT,Gagal Liveness: Gerakan Mulut 0x (Terindikasi Cut-Out/Lubang Foto)
LIVE_S01_20260907_140445.webm,S01,ATTACK,PHOTO,300,30,TEST,ATTACK,MATCH,0.080,0,0,90.0,8.00,REJECT,Gagal Liveness: Tidak Terdeteksi Kedipan dan Gerakan Mulut (Foto Statis)
LIVE_S01_20260907_140445.webm,S01,BONA_FIDE,NONE,350,30,TEST,BONA_FIDE,NON_MATCH,0.850,2,2,92.0,8.00,REJECT,Gagal Identifikasi: Jarak Euclidean (0.85) Melebihi Batas
LIVE_S01_20260907_141335.webm,S01,BONA_FIDE,NONE,320,30,TEST,BONA_FIDE,MATCH,0.080,2,1,95.0,8.00,ACCEPT,
LIVE_S01_20260907_141336.webm,S01,ATTACK,CUT_OUT,320,30,TEST,ATTACK,MATCH,0.080,1,0,90.0,8.00,REJECT,Gagal Liveness: Gerakan Mulut 0x (Terindikasi Cut-Out/Lubang Foto)
LIVE_S01_20260907_141336.webm,S01,ATTACK,PHOTO,300,30,TEST,ATTACK,MATCH,0.080,0,0,90.0,8.00,REJECT,Gagal Liveness: Tidak Terdeteksi Kedipan dan Gerakan Mulut (Foto Statis)
LIVE_S01_20260907_141336.webm,S01,BONA_FIDE,NONE,350,30,TEST,BONA_FIDE,NON_MATCH,0.850,2,2,92.0,8.00,REJECT,Gagal Identifikasi: Jarak Euclidean (0.85) Melebihi Batas
LIVE_S01_20260907_144314.webm,S01,BONA_FIDE,NONE,320,30,TEST,BONA_FIDE,MATCH,0.080,2,1,95.0,8.00,ACCEPT,
LIVE_S01_20260907_144315.webm,S01,ATTACK,CUT_OUT,320,30,TEST,ATTACK,MATCH,0.080,1,0,90.0,8.00,REJECT,Gagal Liveness: Gerakan Mulut 0x (Terindikasi Cut-Out/Lubang Foto)
LIVE_S01_20260907_144315.webm,S01,ATTACK,PHOTO,300,30,TEST,ATTACK,MATCH,0.080,0,0,90.0,8.00,REJECT,Gagal Liveness: Tidak Terdeteksi Kedipan dan Gerakan Mulut (Foto Statis)
LIVE_S01_20260907_144315.webm,S01,BONA_FIDE,NONE,350,30,TEST,BONA_FIDE,NON_MATCH,0.850,2,2,92.0,8.00,REJECT,Gagal Identifikasi: Jarak Euclidean (0.85) Melebihi Batas
LIVE_S01_20260907_144419.webm,S01,BONA_FIDE,NONE,320,30,TEST,BONA_FIDE,MATCH,0.080,2,1,95.0,8.00,ACCEPT,
LIVE_S01_20260907_144419.webm,S01,ATTACK,CUT_OUT,320,30,TEST,ATTACK,MATCH,0.080,1,0,90.0,8.00,REJECT,Gagal Liveness: Gerakan Mulut 0x (Terindikasi Cut-Out/Lubang Foto)
LIVE_S01_20260907_144419.webm,S01,ATTACK,PHOTO,300,30,TEST,ATTACK,MATCH,0.080,0,0,90.0,8.00,REJECT,Gagal Liveness: Tidak Terdeteksi Kedipan dan Gerakan Mulut (Foto Statis)
LIVE_S01_20260907_144419.webm,S01,BONA_FIDE,NONE,350,30,TEST,BONA_FIDE,NON_MATCH,0.850,2,2,92.0,8.00,REJECT,Gagal Identifikasi: Jarak Euclidean (0.85) Melebihi Batas
LIVE_S01_20260907_144919.webm,S01,BONA_FIDE,NONE,320,30,TEST,BONA_FIDE,MATCH,0.080,2,1,95.0,8.00,ACCEPT,
LIVE_S01_20260907_144919.webm,S01,ATTACK,CUT_OUT,320,30,TEST,ATTACK,MATCH,0.080,1,0,90.0,8.00,REJECT,Gagal Liveness: Gerakan Mulut 0x (Terindikasi Cut-Out/Lubang Foto)
LIVE_S01_20260907_144919.webm,S01,ATTACK,PHOTO,300,30,TEST,ATTACK,MATCH,0.080,0,0,90.0,8.00,REJECT,Gagal Liveness: Tidak Terdeteksi Kedipan dan Gerakan Mulut (Foto Statis)
LIVE_S01_20260907_144919.webm,S01,BONA_FIDE,NONE,350,30,TEST,BONA_FIDE,NON_MATCH,0.850,2,2,92.0,8.00,REJECT,Gagal Identifikasi: Jarak Euclidean (0.85) Melebihi Batas
LIVE_emb_TEST-QALWANI-001_20260907_145032.webm,emb_TEST-QALWANI-001,BONA_FIDE,NONE,380,30,TEST,BONA_FIDE,MATCH,0.080,1,1,100.0,8.00,ACCEPT,
LIVE_S01_20260907_150236.webm,S01,BONA_FIDE,NONE,320,30,TEST,BONA_FIDE,MATCH,0.080,2,1,95.0,8.00,ACCEPT,
LIVE_S01_20260907_150236.webm,S01,ATTACK,CUT_OUT,320,30,TEST,ATTACK,MATCH,0.080,1,0,90.0,8.00,REJECT,Gagal Liveness: Gerakan Mulut 0x (Terindikasi Cut-Out/Lubang Foto)
LIVE_S01_20260907_150236.webm,S01,ATTACK,PHOTO,300,30,TEST,ATTACK,MATCH,0.080,0,0,90.0,8.00,REJECT,Gagal Liveness: Tidak Terdeteksi Kedipan dan Gerakan Mulut (Foto Statis)
LIVE_S01_20260907_150236.webm,S01,BONA_FIDE,NONE,350,30,TEST,BONA_FIDE,NON_MATCH,0.850,2,2,92.0,8.00,REJECT,Gagal Identifikasi: Jarak Euclidean (0.85) Melebihi Batas
LIVE_emb_TEST-QALWANI-001_20260907_164712.webm,emb_TEST-QALWANI-001,BONA_FIDE,NONE,423,35,TEST,BONA_FIDE,MATCH,0.080,2,2,100.0,8.00,ACCEPT,
LIVE_emb_TEST-QALWANI-001_20260907_165204.webm,emb_TEST-QALWANI-001,BONA_FIDE,NONE,435,35,TEST,BONA_FIDE,MATCH,0.080,10,6,100.0,8.00,ACCEPT,
LIVE_S01_20260907_170038.webm,S01,BONA_FIDE,NONE,320,30,TEST,BONA_FIDE,MATCH,0.080,2,1,95.0,8.00,ACCEPT,
LIVE_S01_20260907_170038.webm,S01,ATTACK,CUT_OUT,320,30,TEST,ATTACK,MATCH,0.080,1,0,90.0,8.00,REJECT,Gagal Liveness: Gerakan Mulut 0x (Terindikasi Cut-Out/Lubang Foto)
LIVE_S01_20260907_170038.webm,S01,ATTACK,PHOTO,300,30,TEST,ATTACK,MATCH,0.080,0,0,90.0,8.00,REJECT,Gagal Liveness: Tidak Terdeteksi Kedipan dan Gerakan Mulut (Foto Statis)
LIVE_S01_20260907_170038.webm,S01,BONA_FIDE,NONE,350,30,TEST,BONA_FIDE,NON_MATCH,0.850,2,2,92.0,8.00,REJECT,Gagal Identifikasi: Jarak Euclidean (0.85) Melebihi Batas
LIVE_emb_TEST-QALWANI-001_20260907_170244.webm,emb_TEST-QALWANI-001,BONA_FIDE,NONE,246,40,TEST,ATTACK,MATCH,0.080,3,0,100.0,8.00,REJECT,Gagal Liveness: Gerakan Mulut 0x (Terindikasi Cut-Out/Lubang Foto)
LIVE_S01_20260907_171251.webm,S01,BONA_FIDE,NONE,320,30,TEST,BONA_FIDE,MATCH,0.080,2,1,95.0,8.00,ACCEPT,
LIVE_S01_20260907_171251.webm,S01,ATTACK,CUT_OUT,320,30,TEST,ATTACK,MATCH,0.080,1,0,90.0,8.00,REJECT,Gagal Liveness: Gerakan Mulut 0x (Terindikasi Cut-Out/Lubang Foto)
LIVE_S01_20260907_171251.webm,S01,ATTACK,PHOTO,300,30,TEST,ATTACK,MATCH,0.080,0,0,90.0,8.00,REJECT,Gagal Liveness: Tidak Terdeteksi Kedipan dan Gerakan Mulut (Foto Statis)
LIVE_S01_20260907_171251.webm,S01,BONA_FIDE,NONE,350,30,TEST,BONA_FIDE,NON_MATCH,0.850,2,2,92.0,8.00,REJECT,Gagal Identifikasi: Jarak Euclidean (0.85) Melebihi Batas
LIVE_S01_20260907_171340.webm,S01,BONA_FIDE,NONE,320,30,TEST,BONA_FIDE,MATCH,0.080,2,1,95.0,8.00,ACCEPT,
LIVE_S01_20260907_171340.webm,S01,ATTACK,CUT_OUT,320,30,TEST,ATTACK,MATCH,0.080,1,0,90.0,8.00,REJECT,Gagal Liveness: Gerakan Mulut 0x (Terindikasi Cut-Out/Lubang Foto)
LIVE_S01_20260907_171340.webm,S01,ATTACK,PHOTO,300,30,TEST,ATTACK,MATCH,0.080,0,0,90.0,8.00,REJECT,Gagal Liveness: Tidak Terdeteksi Kedipan dan Gerakan Mulut (Foto Statis)
LIVE_S01_20260907_171340.webm,S01,BONA_FIDE,NONE,350,30,TEST,BONA_FIDE,NON_MATCH,0.850,2,2,92.0,8.00,REJECT,Gagal Identifikasi: Jarak Euclidean (0.85) Melebihi Batas
LIVE_emb_TEST-QALWANI-001_20260907_171651.webm,emb_TEST-QALWANI-001,BONA_FIDE,NONE,518,36,TEST,BONA_FIDE,MATCH,0.080,2,1,100.0,8.00,ACCEPT,
LIVE_emb_TEST-QALWANI-001_20260907_171731.webm,emb_TEST-QALWANI-001,BONA_FIDE,NONE,129,39,TEST,BONA_FIDE,MATCH,0.080,1,1,100.0,8.00,ACCEPT,
LIVE_emb_TEST-QALWANI-001_20260907_172550.webm,emb_TEST-QALWANI-001,BONA_FIDE,NONE,457,37,TEST,BONA_FIDE,MATCH,0.080,5,5,100.0,8.00,ACCEPT,
LIVE_S01_20260907_184135.webm,S01,BONA_FIDE,NONE,320,30,TEST,BONA_FIDE,MATCH,0.080,2,1,95.0,8.00,ACCEPT,
LIVE_S01_20260907_184135.webm,S01,ATTACK,CUT_OUT,320,30,TEST,ATTACK,MATCH,0.080,1,0,90.0,8.00,REJECT,Gagal Liveness: Gerakan Mulut 0x (Terindikasi Cut-Out/Lubang Foto)
LIVE_S01_20260907_184135.webm,S01,ATTACK,PHOTO,300,30,TEST,ATTACK,MATCH,0.080,0,0,90.0,8.00,REJECT,Gagal Liveness: Tidak Terdeteksi Kedipan dan Gerakan Mulut (Foto Statis)
LIVE_S01_20260907_184135.webm,S01,BONA_FIDE,NONE,350,30,TEST,BONA_FIDE,NON_MATCH,0.850,2,2,92.0,8.00,REJECT,Gagal Identifikasi: Jarak Euclidean (0.85) Melebihi Batas
LIVE_emb_TEST-QALWANI-001_20260907_185913.webm,emb_TEST-QALWANI-001,BONA_FIDE,NONE,562,38,TEST,BONA_FIDE,MATCH,0.080,11,6,100.0,8.00,ACCEPT,
LIVE_S01_20260907_190843.webm,S01,BONA_FIDE,NONE,320,30,TEST,BONA_FIDE,MATCH,0.080,2,1,95.0,8.00,ACCEPT,
LIVE_S01_20260907_190843.webm,S01,ATTACK,CUT_OUT,320,30,TEST,ATTACK,MATCH,0.080,1,0,90.0,8.00,REJECT,Gagal Liveness: Gerakan Mulut 0x (Terindikasi Cut-Out/Lubang Foto)
LIVE_S01_20260907_190843.webm,S01,ATTACK,PHOTO,300,30,TEST,ATTACK,MATCH,0.080,0,0,90.0,8.00,REJECT,Gagal Liveness: Tidak Terdeteksi Kedipan dan Gerakan Mulut (Foto Statis)
LIVE_S01_20260907_190843.webm,S01,BONA_FIDE,NONE,350,30,TEST,BONA_FIDE,NON_MATCH,0.850,2,2,92.0,8.00,REJECT,Gagal Identifikasi: Jarak Euclidean (0.85) Melebihi Batas
LIVE_emb_TEST-QALWANI-001_20260907_193848.webm,emb_TEST-QALWANI-001,BONA_FIDE,NONE,471,40,TEST,BONA_FIDE,MATCH,0.080,5,4,100.0,8.00,ACCEPT,
LIVE_S01_20260907_203757.webm,S01,BONA_FIDE,NONE,320,30,TEST,BONA_FIDE,MATCH,0.080,2,1,95.0,8.00,ACCEPT,
LIVE_S01_20260907_203757.webm,S01,ATTACK,CUT_OUT,320,30,TEST,ATTACK,MATCH,0.080,1,0,90.0,8.00,REJECT,Gagal Liveness: Gerakan Mulut 0x (Terindikasi Cut-Out/Lubang Foto)
LIVE_S01_20260907_203757.webm,S01,ATTACK,PHOTO,300,30,TEST,ATTACK,MATCH,0.080,0,0,90.0,8.00,REJECT,Gagal Liveness: Tidak Terdeteksi Kedipan dan Gerakan Mulut (Foto Statis)
LIVE_S01_20260907_203757.webm,S01,BONA_FIDE,NONE,350,30,TEST,BONA_FIDE,NON_MATCH,0.850,2,2,92.0,8.00,REJECT,Gagal Identifikasi: Jarak Euclidean (0.85) Melebihi Batas
LIVE_S01_20260907_204301.webm,S01,BONA_FIDE,NONE,320,30,TEST,BONA_FIDE,MATCH,0.080,2,1,95.0,8.00,ACCEPT,
LIVE_S01_20260907_204301.webm,S01,ATTACK,CUT_OUT,320,30,TEST,ATTACK,MATCH,0.080,1,0,90.0,8.00,REJECT,Gagal Liveness: Gerakan Mulut 0x (Terindikasi Cut-Out/Lubang Foto)
LIVE_S01_20260907_204301.webm,S01,ATTACK,PHOTO,300,30,TEST,ATTACK,MATCH,0.080,0,0,90.0,8.00,REJECT,Gagal Liveness: Tidak Terdeteksi Kedipan dan Gerakan Mulut (Foto Statis)
LIVE_S01_20260907_204301.webm,S01,BONA_FIDE,NONE,350,30,TEST,BONA_FIDE,NON_MATCH,0.850,2,2,92.0,8.00,REJECT,Gagal Identifikasi: Jarak Euclidean (0.85) Melebihi Batas
LIVE_S01_20260908_004447.webm,S01,BONA_FIDE,NONE,320,30,TEST,BONA_FIDE,MATCH,0.080,2,1,95.0,8.00,ACCEPT,
LIVE_S01_20260908_004447.webm,S01,ATTACK,CUT_OUT,320,30,TEST,ATTACK,MATCH,0.080,1,0,90.0,8.00,REJECT,Gagal Liveness: Gerakan Mulut 0x (Terindikasi Cut-Out/Lubang Foto)
LIVE_S01_20260908_004447.webm,S01,ATTACK,PHOTO,300,30,TEST,ATTACK,MATCH,0.080,0,0,90.0,8.00,REJECT,Gagal Liveness: Tidak Terdeteksi Kedipan dan Gerakan Mulut (Foto Statis)
LIVE_S01_20260908_004447.webm,S01,BONA_FIDE,NONE,350,30,TEST,BONA_FIDE,NON_MATCH,0.850,2,2,92.0,8.00,REJECT,Gagal Identifikasi: Jarak Euclidean (0.85) Melebihi Batas
LIVE_emb_TEST-QALWANI-001_20260908_004542.webm,emb_TEST-QALWANI-001,BONA_FIDE,NONE,543,37,TEST,BONA_FIDE,MATCH,0.080,7,5,100.0,8.00,ACCEPT,
LIVE_emb_TEST-QALWANI-001_20260908_004735.webm,emb_TEST-QALWANI-001,BONA_FIDE,NONE,460,36,TEST,BONA_FIDE,MATCH,0.080,6,4,100.0,8.00,ACCEPT,
LIVE_S01_20260908_005701.webm,S01,BONA_FIDE,NONE,320,30,TEST,BONA_FIDE,MATCH,0.080,2,1,95.0,8.00,ACCEPT,
LIVE_S01_20260908_005701.webm,S01,ATTACK,CUT_OUT,320,30,TEST,ATTACK,MATCH,0.080,1,0,90.0,8.00,REJECT,Gagal Liveness: Gerakan Mulut 0x (Terindikasi Cut-Out/Lubang Foto)
LIVE_S01_20260908_005701.webm,S01,ATTACK,PHOTO,300,30,TEST,ATTACK,MATCH,0.080,0,0,90.0,8.00,REJECT,Gagal Liveness: Tidak Terdeteksi Kedipan dan Gerakan Mulut (Foto Statis)
LIVE_S01_20260908_005701.webm,S01,BONA_FIDE,NONE,350,30,TEST,BONA_FIDE,NON_MATCH,0.850,2,2,92.0,8.00,REJECT,Gagal Identifikasi: Jarak Euclidean (0.85) Melebihi Batas
LIVE_emb_TEST-QALWANI-001_20260908_011406.webm,emb_TEST-QALWANI-001,BONA_FIDE,NONE,592,30,TEST,BONA_FIDE,MATCH,0.080,6,6,100.0,8.00,ACCEPT,
LIVE_emb_TEST-QALWANI-001_20260908_011622.webm,emb_TEST-QALWANI-001,BONA_FIDE,NONE,300,30,TEST,ATTACK,MATCH,0.080,3,0,100.0,8.00,REJECT,Gagal Liveness: Gerakan Mulut 0x (Terindikasi Cut-Out/Lubang Foto)
LIVE_emb_TEST-QALWANI-001_20260908_012148.webm,emb_TEST-QALWANI-001,BONA_FIDE,NONE,300,30,TEST,ATTACK,MATCH,0.080,0,0,100.0,8.00,REJECT,Gagal Liveness: Tidak Terdeteksi Kedipan dan Gerakan Mulut (Foto Statis)
LIVE_emb_TEST-QALWANI-001_20260908_100604.webm,emb_TEST-QALWANI-001,BONA_FIDE,NONE,300,30,TEST,ATTACK,MATCH,0.080,0,0,100.0,8.00,REJECT,Gagal Liveness: Tidak Terdeteksi Kedipan dan Gerakan Mulut (Foto Statis)
LIVE_emb_TEST-QALWANI-001_20260908_100918.webm,emb_TEST-QALWANI-001,BONA_FIDE,NONE,300,30,TEST,BONA_FIDE,MATCH,0.080,1,1,100.0,8.00,ACCEPT,
LIVE_emb_TEST-QALWANI-001_20260908_100957.webm,emb_TEST-QALWANI-001,BONA_FIDE,NONE,300,30,TEST,ATTACK,MATCH,0.080,0,0,100.0,8.00,REJECT,Gagal Liveness: Tidak Terdeteksi Kedipan dan Gerakan Mulut (Foto Statis)
LIVE_emb_TEST-QALWANI-001_20260908_101028.webm,emb_TEST-QALWANI-001,BONA_FIDE,NONE,300,30,TEST,BONA_FIDE,MATCH,0.080,1,1,100.0,8.00,ACCEPT,
LIVE_S01_20260908_103105.webm,S01,BONA_FIDE,NONE,320,30,TEST,BONA_FIDE,MATCH,0.080,2,1,95.0,8.00,ACCEPT,
LIVE_S01_20260908_103105.webm,S01,ATTACK,CUT_OUT,320,30,TEST,ATTACK,MATCH,0.080,1,0,90.0,8.00,REJECT,Gagal Liveness: Gerakan Mulut 0x (Terindikasi Cut-Out/Lubang Foto)
LIVE_S01_20260908_103105.webm,S01,ATTACK,PHOTO,300,30,TEST,ATTACK,MATCH,0.080,0,0,90.0,8.00,REJECT,Gagal Liveness: Tidak Terdeteksi Kedipan dan Gerakan Mulut (Foto Statis)
LIVE_S01_20260908_103105.webm,S01,BONA_FIDE,NONE,350,30,TEST,BONA_FIDE,NON_MATCH,0.850,2,2,92.0,8.00,REJECT,Gagal Identifikasi: Jarak Euclidean (0.85) Melebihi Batas
LIVE_S01_20260908_103223.webm,S01,BONA_FIDE,NONE,320,30,TEST,BONA_FIDE,MATCH,0.080,2,1,95.0,8.00,ACCEPT,
LIVE_S01_20260908_103223.webm,S01,ATTACK,CUT_OUT,320,30,TEST,ATTACK,MATCH,0.080,1,0,90.0,8.00,REJECT,Gagal Liveness: Gerakan Mulut 0x (Terindikasi Cut-Out/Lubang Foto)
LIVE_S01_20260908_103223.webm,S01,ATTACK,PHOTO,300,30,TEST,ATTACK,MATCH,0.080,0,0,90.0,8.00,REJECT,Gagal Liveness: Tidak Terdeteksi Kedipan dan Gerakan Mulut (Foto Statis)
LIVE_S01_20260908_103223.webm,S01,BONA_FIDE,NONE,350,30,TEST,BONA_FIDE,NON_MATCH,0.850,2,2,92.0,8.00,REJECT,Gagal Identifikasi: Jarak Euclidean (0.85) Melebihi Batas
LIVE_S01_20260908_103247.webm,S01,BONA_FIDE,NONE,320,30,TEST,BONA_FIDE,MATCH,0.080,2,1,95.0,8.00,ACCEPT,
LIVE_S01_20260908_103247.webm,S01,ATTACK,CUT_OUT,320,30,TEST,ATTACK,MATCH,0.080,1,0,90.0,8.00,REJECT,Gagal Liveness: Gerakan Mulut 0x (Terindikasi Cut-Out/Lubang Foto)
LIVE_S01_20260908_103247.webm,S01,ATTACK,PHOTO,300,30,TEST,ATTACK,MATCH,0.080,0,0,90.0,8.00,REJECT,Gagal Liveness: Tidak Terdeteksi Kedipan dan Gerakan Mulut (Foto Statis)
LIVE_S01_20260908_103247.webm,S01,BONA_FIDE,NONE,350,30,TEST,BONA_FIDE,NON_MATCH,0.850,2,2,92.0,8.00,REJECT,Gagal Identifikasi: Jarak Euclidean (0.85) Melebihi Batas
LIVE_S01_20260908_103247.webm,S01,BONA_FIDE,NONE,320,30,TEST,BONA_FIDE,MATCH,0.150,0,0,100.0,6.00,ACCEPT,
LIVE_S01_20260908_103247.webm,S01,ATTACK,PHOTO,320,30,TEST,ATTACK,MATCH,0.150,0,0,100.0,6.00,REJECT,Gagal Liveness: Aksi Tidak Sesuai Tantangan Acak (BLINK) - Instruksi: Kedip Mata; namun terdeteksi membuka mulut
LIVE_S01_20260908_103247.webm,S01,ATTACK,PHOTO,320,30,TEST,ATTACK,MATCH,0.150,0,0,100.0,6.00,REJECT,Gagal Liveness: Batas Waktu Respons Habis (>4s) - Indikasi Spoofing Foto Statis / Replay
LIVE_S01_20260908_103254.webm,S01,BONA_FIDE,NONE,320,30,TEST,BONA_FIDE,MATCH,0.080,2,1,95.0,8.00,ACCEPT,
LIVE_S01_20260908_103254.webm,S01,ATTACK,CUT_OUT,320,30,TEST,ATTACK,MATCH,0.080,1,0,90.0,8.00,REJECT,Gagal Liveness: Gerakan Mulut 0x (Terindikasi Cut-Out/Lubang Foto)
LIVE_S01_20260908_103254.webm,S01,ATTACK,PHOTO,300,30,TEST,ATTACK,MATCH,0.080,0,0,90.0,8.00,REJECT,Gagal Liveness: Tidak Terdeteksi Kedipan dan Gerakan Mulut (Foto Statis)
LIVE_S01_20260908_103254.webm,S01,BONA_FIDE,NONE,350,30,TEST,BONA_FIDE,NON_MATCH,0.850,2,2,92.0,8.00,REJECT,Gagal Identifikasi: Jarak Euclidean (0.85) Melebihi Batas
LIVE_S01_20260908_103254.webm,S01,BONA_FIDE,NONE,320,30,TEST,BONA_FIDE,MATCH,0.150,0,0,100.0,6.00,ACCEPT,
LIVE_S01_20260908_103254.webm,S01,ATTACK,PHOTO,320,30,TEST,ATTACK,MATCH,0.150,0,0,100.0,6.00,REJECT,Gagal Liveness: Aksi Tidak Sesuai Tantangan Acak (BLINK) - Instruksi: Kedip Mata; namun terdeteksi membuka mulut
LIVE_S01_20260908_103254.webm,S01,ATTACK,PHOTO,320,30,TEST,ATTACK,MATCH,0.150,0,0,100.0,6.00,REJECT,Gagal Liveness: Batas Waktu Respons Habis (>4s) - Indikasi Spoofing Foto Statis / Replay
LIVE_emb_TEST-QALWANI-001_20260908_103614.webm,emb_TEST-QALWANI-001,BONA_FIDE,NONE,300,30,TEST,BONA_FIDE,MATCH,0.080,1,3,100.0,6.00,ACCEPT,
LIVE_emb_TEST-QALWANI-001_20260908_103646.webm,emb_TEST-QALWANI-001,BONA_FIDE,NONE,300,30,TEST,BONA_FIDE,MATCH,0.080,3,3,100.0,6.00,ACCEPT,
LIVE_emb_TEST-QALWANI-001_20260908_103726.webm,emb_TEST-QALWANI-001,BONA_FIDE,NONE,300,30,TEST,ATTACK,MATCH,0.080,2,2,100.0,6.00,REJECT,Gagal Liveness: Aksi Tidak Sesuai Tantangan Acak (BLINK) - Instruksi: Kedip Mata; namun terdeteksi membuka mulut
LIVE_emb_TEST-QALWANI-001_20260908_104738.webm,emb_TEST-QALWANI-001,BONA_FIDE,NONE,300,30,TEST,ATTACK,MATCH,0.080,0,0,100.0,6.00,REJECT,Gagal Liveness: Batas Waktu Respons Habis (>4s) - Indikasi Spoofing Foto Statis / Replay
LIVE_emb_TEST-QALWANI-001_20260908_104818.webm,emb_TEST-QALWANI-001,BONA_FIDE,NONE,300,30,TEST,ATTACK,MATCH,0.080,0,0,100.0,6.00,REJECT,Gagal Liveness: Batas Waktu Respons Habis (>4s) - Indikasi Spoofing Foto Statis / Replay
LIVE_emb_TEST-QALWANI-001_20260908_105123.webm,emb_TEST-QALWANI-001,BONA_FIDE,NONE,300,30,TEST,ATTACK,MATCH,0.080,2,0,100.0,6.00,REJECT,Gagal Liveness: Aksi Tidak Sesuai Tantangan Acak (OPEN_MOUTH) - Instruksi: Buka Mulut; namun terdeteksi mengedipkan mata
LIVE_emb_TEST-QALWANI-001_20260908_110120.webm,emb_TEST-QALWANI-001,BONA_FIDE,NONE,300,30,TEST,ATTACK,MATCH,0.080,0,0,100.0,6.00,REJECT,Gagal Liveness: Batas Waktu Respons Habis (>4s) - Indikasi Spoofing Foto Statis / Replay
LIVE_emb_TEST-QALWANI-001_20260908_124101.webm,emb_TEST-QALWANI-001,BONA_FIDE,NONE,300,30,TEST,ATTACK,MATCH,0.080,0,0,100.0,6.00,REJECT,Gagal Liveness: Batas Waktu Respons Habis (>4s) - Indikasi Spoofing Foto Statis / Replay
LIVE_emb_TEST-QALWANI-001_20260908_130927.webm,emb_TEST-QALWANI-001,BONA_FIDE,NONE,300,30,TEST,ATTACK,MATCH,0.080,0,0,100.0,6.00,REJECT,Gagal Liveness: Batas Waktu Respons Habis (>4s) - Indikasi Spoofing Foto Statis / Replay
LIVE_emb_TEST-QALWANI-001_20260908_130943.webm,emb_TEST-QALWANI-001,BONA_FIDE,NONE,300,30,TEST,ATTACK,MATCH,0.080,0,0,100.0,6.00,REJECT,Gagal Liveness: Batas Waktu Respons Habis (>4s) - Indikasi Spoofing Foto Statis / Replay
LIVE_emb_TEST-QALWANI-001_20260908_131008.webm,emb_TEST-QALWANI-001,BONA_FIDE,NONE,300,30,TEST,ATTACK,MATCH,0.080,1,0,100.0,6.00,REJECT,Gagal Liveness: Batas Waktu Respons Habis (>4s) - Indikasi Spoofing Foto Statis / Replay
LIVE_emb_TEST-QALWANI-001_20260908_131034.webm,emb_TEST-QALWANI-001,BONA_FIDE,NONE,300,30,TEST,ATTACK,MATCH,0.080,0,0,100.0,6.00,REJECT,Gagal Liveness: Batas Waktu Respons Habis (>4s) - Indikasi Spoofing Foto Statis / Replay
LIVE_S01_20260908_133319.webm,S01,BONA_FIDE,NONE,320,30,TEST,BONA_FIDE,MATCH,0.080,2,1,95.0,8.00,ACCEPT,
LIVE_S01_20260908_133319.webm,S01,ATTACK,CUT_OUT,320,30,TEST,ATTACK,MATCH,0.080,1,0,90.0,8.00,REJECT,Gagal Liveness: Gerakan Mulut 0x (Terindikasi Cut-Out/Lubang Foto)
LIVE_S01_20260908_133319.webm,S01,ATTACK,PHOTO,300,30,TEST,ATTACK,MATCH,0.080,0,0,90.0,8.00,REJECT,Gagal Liveness: Tidak Terdeteksi Kedipan dan Gerakan Mulut (Foto Statis)
LIVE_S01_20260908_133319.webm,S01,BONA_FIDE,NONE,350,30,TEST,BONA_FIDE,NON_MATCH,0.850,2,2,92.0,8.00,REJECT,Gagal Identifikasi: Jarak Euclidean (0.85) Melebihi Batas
LIVE_S01_20260908_133319.webm,S01,BONA_FIDE,NONE,320,30,TEST,BONA_FIDE,MATCH,0.150,0,0,100.0,6.00,ACCEPT,
LIVE_S01_20260908_133319.webm,S01,ATTACK,PHOTO,320,30,TEST,ATTACK,MATCH,0.150,0,0,100.0,6.00,REJECT,Gagal Liveness: Aksi Tidak Sesuai Tantangan Acak (BLINK) - Instruksi: Kedip Mata; namun terdeteksi membuka mulut
LIVE_S01_20260908_133320.webm,S01,ATTACK,PHOTO,320,30,TEST,ATTACK,MATCH,0.150,0,0,100.0,6.00,REJECT,Gagal Liveness: Batas Waktu Respons Habis (>4s) - Indikasi Spoofing Foto Statis / Replay
LIVE_emb_TEST-QALWANI-001_20260908_133446.webm,emb_TEST-QALWANI-001,BONA_FIDE,NONE,771,15,TEST,BONA_FIDE,MATCH,0.080,1,0,100.0,6.00,ACCEPT,
LIVE_emb_TEST-QALWANI-001_20260908_133505.webm,emb_TEST-QALWANI-001,BONA_FIDE,NONE,801,14,TEST,ATTACK,MATCH,0.080,2,0,100.0,6.00,REJECT,Gagal Liveness: Aksi Tidak Sesuai Tantangan Acak (OPEN_MOUTH) - Instruksi: Buka Mulut; namun terdeteksi mengedipkan mata
LIVE_emb_TEST-QALWANI-001_20260908_133525.webm,emb_TEST-QALWANI-001,BONA_FIDE,NONE,866,15,TEST,BONA_FIDE,MATCH,0.080,1,0,100.0,6.00,ACCEPT,
LIVE_S01_20260908_134331.webm,S01,BONA_FIDE,NONE,320,30,TEST,BONA_FIDE,MATCH,0.080,2,1,95.0,8.00,ACCEPT,
LIVE_S01_20260908_134331.webm,S01,ATTACK,CUT_OUT,320,30,TEST,ATTACK,MATCH,0.080,1,0,90.0,8.00,REJECT,Gagal Liveness: Gerakan Mulut 0x (Terindikasi Cut-Out/Lubang Foto)
LIVE_S01_20260908_134331.webm,S01,ATTACK,PHOTO,300,30,TEST,ATTACK,MATCH,0.080,0,0,90.0,8.00,REJECT,Gagal Liveness: Tidak Terdeteksi Kedipan dan Gerakan Mulut (Foto Statis)
LIVE_S01_20260908_134331.webm,S01,BONA_FIDE,NONE,350,30,TEST,BONA_FIDE,NON_MATCH,0.850,2,2,92.0,8.00,REJECT,Gagal Identifikasi: Jarak Euclidean (0.85) Melebihi Batas
LIVE_S01_20260908_134331.webm,S01,BONA_FIDE,NONE,320,30,TEST,BONA_FIDE,MATCH,0.150,0,0,100.0,6.00,ACCEPT,
LIVE_S01_20260908_134331.webm,S01,ATTACK,PHOTO,320,30,TEST,ATTACK,MATCH,0.150,0,0,100.0,6.00,REJECT,Gagal Liveness: Aksi Tidak Sesuai Tantangan Acak (BLINK) - Instruksi: Kedip Mata; namun terdeteksi membuka mulut
LIVE_S01_20260908_134331.webm,S01,ATTACK,PHOTO,320,30,TEST,ATTACK,MATCH,0.150,0,0,100.0,6.00,REJECT,Gagal Liveness: Batas Waktu Respons Habis (>4s) - Indikasi Spoofing Foto Statis / Replay
LIVE_S01_20260908_134715.webm,S01,BONA_FIDE,NONE,320,30,TEST,BONA_FIDE,MATCH,0.080,2,1,95.0,8.00,ACCEPT,
LIVE_S01_20260908_134715.webm,S01,ATTACK,CUT_OUT,320,30,TEST,ATTACK,MATCH,0.080,1,0,90.0,8.00,REJECT,Gagal Liveness: Gerakan Mulut 0x (Terindikasi Cut-Out/Lubang Foto)
LIVE_S01_20260908_134715.webm,S01,ATTACK,PHOTO,300,30,TEST,ATTACK,MATCH,0.080,0,0,90.0,8.00,REJECT,Gagal Liveness: Tidak Terdeteksi Kedipan dan Gerakan Mulut (Foto Statis)
LIVE_S01_20260908_134715.webm,S01,BONA_FIDE,NONE,350,30,TEST,BONA_FIDE,NON_MATCH,0.850,2,2,92.0,8.00,REJECT,Gagal Identifikasi: Jarak Euclidean (0.85) Melebihi Batas
LIVE_S01_20260908_134715.webm,S01,BONA_FIDE,NONE,320,30,TEST,BONA_FIDE,MATCH,0.150,0,0,100.0,6.00,ACCEPT,
LIVE_S01_20260908_134715.webm,S01,ATTACK,PHOTO,320,30,TEST,ATTACK,MATCH,0.150,0,0,100.0,6.00,REJECT,Gagal Liveness: Aksi Tidak Sesuai Tantangan Acak (BLINK) - Instruksi: Kedip Mata; namun terdeteksi membuka mulut
LIVE_S01_20260908_134715.webm,S01,ATTACK,PHOTO,320,30,TEST,ATTACK,MATCH,0.150,0,0,100.0,6.00,REJECT,Gagal Liveness: Batas Waktu Respons Habis (>4s) - Indikasi Spoofing Foto Statis / Replay
LIVE_emb_TEST-QALWANI-001_20260908_134834.webm,emb_TEST-QALWANI-001,BONA_FIDE,NONE,300,30,TEST,BONA_FIDE,MATCH,0.080,2,2,100.0,6.00,ACCEPT,
LIVE_emb_TEST-QALWANI-001_20260908_135511.webm,emb_TEST-QALWANI-001,BONA_FIDE,NONE,300,30,TEST,ATTACK,MATCH,0.080,0,0,100.0,6.00,REJECT,Gagal Liveness: Batas Waktu Respons Habis (>4s) - Indikasi Spoofing Foto Statis / Replay
LIVE_emb_TEST-QALWANI-001_20260908_135529.webm,emb_TEST-QALWANI-001,BONA_FIDE,NONE,300,30,TEST,BONA_FIDE,MATCH,0.080,1,0,100.0,6.00,ACCEPT,
LIVE_emb_TEST-QALWANI-001_20260908_135546.webm,emb_TEST-QALWANI-001,BONA_FIDE,NONE,300,30,TEST,ATTACK,MATCH,0.080,0,0,100.0,6.00,REJECT,Gagal Liveness: Batas Waktu Respons Habis (>4s) - Indikasi Spoofing Foto Statis / Replay
LIVE_emb_TEST-QALWANI-001_20260908_135719.webm,emb_TEST-QALWANI-001,BONA_FIDE,NONE,300,30,TEST,ATTACK,MATCH,0.080,0,0,100.0,6.00,REJECT,Gagal Liveness: Batas Waktu Respons Habis (>4s) - Indikasi Spoofing Foto Statis / Replay
LIVE_emb_TEST-QALWANI-001_20260908_135736.webm,emb_TEST-QALWANI-001,BONA_FIDE,NONE,300,30,TEST,ATTACK,MATCH,0.080,0,0,100.0,6.00,REJECT,Gagal Liveness: Batas Waktu Respons Habis (>4s) - Indikasi Spoofing Foto Statis / Replay
LIVE_emb_TEST-QALWANI-001_20260909_085635.webm,emb_TEST-QALWANI-001,BONA_FIDE,NONE,300,30,TEST,ATTACK,MATCH,0.080,1,2,100.0,6.00,REJECT,Gagal Liveness: Aksi Tidak Sesuai Tantangan Acak (OPEN_MOUTH) - Instruksi: Buka Mulut; namun terdeteksi mengedipkan mata
LIVE_emb_TEST-QALWANI-001_20260909_085656.webm,emb_TEST-QALWANI-001,BONA_FIDE,NONE,300,30,TEST,ATTACK,MATCH,0.080,1,0,100.0,6.00,REJECT,Gagal Liveness: Aksi Tidak Sesuai Tantangan Acak (OPEN_MOUTH) - Instruksi: Buka Mulut; namun terdeteksi mengedipkan mata
LIVE_emb_TEST-QALWANI-001_20260909_085710.webm,emb_TEST-QALWANI-001,BONA_FIDE,NONE,300,30,TEST,ATTACK,MATCH,0.080,1,1,100.0,6.00,REJECT,Gagal Liveness: Aksi Tidak Sesuai Tantangan Acak (OPEN_MOUTH) - Instruksi: Buka Mulut; namun terdeteksi mengedipkan mata
LIVE_emb_TEST-QALWANI-001_20260909_085736.webm,emb_TEST-QALWANI-001,BONA_FIDE,NONE,300,30,TEST,BONA_FIDE,MATCH,0.080,1,0,100.0,6.00,ACCEPT,
LIVE_emb_TEST-QALWANI-001_20260909_085803.webm,emb_TEST-QALWANI-001,BONA_FIDE,NONE,300,30,TEST,BONA_FIDE,MATCH,0.080,2,2,100.0,6.00,ACCEPT,
LIVE_emb_TEST-QALWANI-001_20260909_090008.webm,emb_TEST-QALWANI-001,BONA_FIDE,NONE,300,30,TEST,BONA_FIDE,MATCH,0.080,2,0,100.0,6.00,ACCEPT,
LIVE_emb_TEST-QALWANI-001_20260909_092205.webm,emb_TEST-QALWANI-001,BONA_FIDE,NONE,300,30,TEST,BONA_FIDE,MATCH,0.080,3,1,100.0,6.00,ACCEPT,
LIVE_emb_TEST-QALWANI-001_20260909_092309.webm,emb_TEST-QALWANI-001,BONA_FIDE,NONE,300,30,TEST,ATTACK,MATCH,0.080,0,0,100.0,6.00,REJECT,Gagal Liveness: Batas Waktu Respons Habis (>4s) - Indikasi Spoofing Foto Statis / Replay
LIVE_emb_TEST-QALWANI-001_20260909_094609.webm,emb_TEST-QALWANI-001,BONA_FIDE,NONE,300,30,TEST,ATTACK,MATCH,0.080,2,0,100.0,6.00,REJECT,Gagal Liveness: Batas Waktu Respons Habis (>4s) - Indikasi Spoofing Foto Statis / Replay
LIVE_emb_TEST-QALWANI-001_20260909_094625.webm,emb_TEST-QALWANI-001,BONA_FIDE,NONE,300,30,TEST,ATTACK,MATCH,0.080,0,0,100.0,6.00,REJECT,Gagal Liveness: Batas Waktu Respons Habis (>4s) - Indikasi Spoofing Foto Statis / Replay
LIVE_emb_TEST-QALWANI-001_20260909_094702.webm,emb_TEST-QALWANI-001,BONA_FIDE,NONE,300,30,TEST,ATTACK,MATCH,0.080,3,1,100.0,6.00,REJECT,Gagal Liveness: Batas Waktu Respons Habis (>4s) - Indikasi Spoofing Foto Statis / Replay
LIVE_S02_20260925_142240.webm,S02,BONA_FIDE,NONE,300,30,TEST,BONA_FIDE,NON_MATCH,1.296,4,4,100.0,8.00,REJECT,Gagal Identifikasi: Jarak Euclidean (1.30) Melebihi Batas
LIVE_S02_20260925_142310.webm,S02,BONA_FIDE,NONE,300,30,TEST,BONA_FIDE,NON_MATCH,1.297,3,2,100.0,8.00,REJECT,Gagal Identifikasi: Jarak Euclidean (1.30) Melebihi Batas
LIVE_S02_20260925_142334.webm,S02,BONA_FIDE,NONE,300,30,TEST,BONA_FIDE,NON_MATCH,1.335,7,6,100.0,8.00,REJECT,Gagal Identifikasi: Jarak Euclidean (1.33) Melebihi Batas
